Laser Power [W],Scanning Speed [mm/s],Layer Thickness [um],Spot Size [um],Porosity [%],Max Melt Pool Depth [um]
0.096153846,0.0625,0.12,0.714285714,0.703125,0.040816327
1,0.21875,1,0.678571429,0,0.528935207
0.8,0.46875,1,0.678571429,0,0.137737255
0.8,0.46875,0.47426268,0.678571429,0.710243056,0.212310541
0.8,0.21875,1,0.678571429,0,0.31636549
0.8,0.21875,0.403792036,0.678571429,0.710243056,0.369328878
0.769230769,1,0.12,0.714285714,0.868055556,0.06122449
0.769230769,0.875,0.12,0.714285714,0.868055556,0.076530612
0.769230769,0.625,0.12,0.714285714,0.868055556,0.102040816
0.769230769,0.5,0.12,0.714285714,0.868055556,0.142857143
0.769230769,0.375,0.12,0.714285714,0.868055556,0.183673469
0.769230769,0.34375,0.28,0.714285714,0.868055556,0.137346939
0.769230769,0.25,0.12,0.714285714,0.868055556,0.306122449
0.769230769,0.15625,0.28,0.714285714,0.868055556,0.160612245
0.769230769,0.125,0.12,0.714285714,0.868055556,0.62244898
0.769230769,0.0625,0.28,0.714285714,0.868055556,0.409489796
0.769230769,0.0625,0.12,0.714285714,0.868055556,1
0.7,0.28125,1,0.678571429,0,0.274172714
0.673076923,0.875,0.12,0.714285714,0.868055556,0.06122449
0.673076923,0.75,0.12,0.714285714,0.868055556,0.076530612
0.673076923,0.625,0.12,0.714285714,0.868055556,0.102040816
0.673076923,0.5,0.12,0.714285714,0.868055556,0.091836735
0.673076923,0.375,0.12,0.714285714,0.868055556,0.178571429
0.673076923,0.25,0.12,0.714285714,0.868055556,0.280612245
0.673076923,0.125,0.12,0.714285714,0.868055556,0.612244898
0.673076923,0.0625,0.12,0.714285714,0.868055556,0.734693878
0.6,0.375,1,0.678571429,0,0.137736952
0.576923077,0.75,0.12,0.714285714,0.868055556,0.06122449
0.576923077,0.625,0.12,0.714285714,0.868055556,0.081632653
0.576923077,0.5,0.12,0.714285714,0.868055556,0.102040816
0.576923077,0.375,0.12,0.714285714,0.868055556,0.142857143
0.576923077,0.25,0.12,0.714285714,0.868055556,0.285714286
0.576923077,0.125,0.12,0.714285714,0.868055556,0.285714286
0.576923077,0.0625,0.12,0.714285714,0.868055556,0.459183673
0.571153846,0.34375,0.28,0.714285714,0.868055556,0.103673469
0.571153846,0.15625,0.28,0.714285714,0.868055556,0.046632653
0.571153846,0.0625,0.28,0.714285714,0.868055556,0.168469388
0.5,0.375,0.24,0.75,0.677083333,0.067928427
0.5,0.34375,0.24,0.75,0.677083333,0.06867983
0.5,0.34375,0.24,0.75,0.677083333,0.068798353
0.5,0.328125,0.24,0.75,0.677083333,0.069736213
0.5,0.3125,0.24,0.75,0.677083333,0.07114524
0.5,0.296875,0.24,0.75,0.677083333,0.072203233
0.5,0.28125,0.24,0.75,0.677083333,0.074144316
0.5,0.25,0.24,0.75,0.677083333,0.07672125
0.5,0.1875,1,0.678571429,0,0.193205112
0.496153846,0.28125,0.24,0.75,0.677083333,0.073578492
0.496153846,0.265625,0.24,0.75,0.677083333,0.075512137
0.496153846,0.234375,0.24,0.75,0.677083333,0.078063301
0.494230769,0.328125,0.24,0.75,0.677083333,0.069499363
0.494230769,0.296875,0.24,0.75,0.677083333,0.071728638
0.494230769,0.25,0.24,0.75,0.677083333,0.076521134
0.492307692,0.359375,0.24,0.75,0.677083333,0.068032953
0.492307692,0.34375,0.24,0.75,0.677083333,0.068638438
0.490384615,0.375,0.24,0.75,0.677083333,0.067376331
0.490384615,0.3125,0.24,0.75,0.677083333,0.070208691
0.490384615,0.296875,0.24,0.75,0.677083333,0.071650496
0.488461538,0.34375,0.24,0.75,0.677083333,0.068377186
0.486538462,0.234375,0.24,0.75,0.677083333,0.077559516
0.484615385,0.28125,0.24,0.75,0.677083333,0.072689086
0.482692308,0.375,0.24,0.75,0.677083333,0.067134991
0.482692308,0.21875,0.24,0.75,0.677083333,0.079159567
0.480769231,0.625,0.12,0.714285714,0.868055556,0.06122449
0.480769231,0.5,0.12,0.714285714,0.868055556,0.091836735
0.480769231,0.375,0.24,0.75,0.677083333,0.066900153
0.480769231,0.375,0.12,0.714285714,0.868055556,0.081632653
0.480769231,0.34375,0.24,0.75,0.677083333,0.068280638
0.480769231,0.328125,0.24,0.75,0.677083333,0.068815623
0.480769231,0.3125,0.24,0.75,0.677083333,0.069957377
0.480769231,0.296875,0.24,0.75,0.677083333,0.071031075
0.480769231,0.28125,0.24,0.75,0.677083333,0.072692982
0.480769231,0.265625,0.24,0.75,0.677083333,0.074107909
0.480769231,0.25,0.24,0.75,0.677083333,0.076487405
0.480769231,0.25,0.12,0.714285714,0.868055556,0.183673469
0.480769231,0.0625,0.12,0.714285714,0.868055556,0.693877551
0.478846154,0.34375,0.24,0.75,0.677083333,0.068137303
0.478846154,0.25,0.24,0.75,0.677083333,0.076462494
0.478846154,0.234375,0.24,0.75,0.677083333,0.076966358
0.476923077,0.328125,0.24,0.75,0.677083333,0.068513202
0.476923077,0.296875,0.24,0.75,0.677083333,0.070729572
0.476923077,0.25,0.24,0.75,0.677083333,0.076298982
0.476923077,0.234375,0.24,0.75,0.677083333,0.076767472
0.475,0.28125,0.24,0.75,0.677083333,0.071951677
0.475,0.21875,0.24,0.75,0.677083333,0.078536712
0.471153846,0.359375,0.24,0.75,0.677083333,0.06744018
0.471153846,0.34375,0.24,0.75,0.677083333,0.068013555
0.471153846,0.3125,0.24,0.75,0.677083333,0.069325282
0.467307692,0.25,0.24,0.75,0.677083333,0.075523741
0.465384615,0.359375,0.24,0.75,0.677083333,0.066925305
0.465384615,0.28125,0.24,0.75,0.677083333,0.071318488
0.463461538,0.34375,0.24,0.75,0.677083333,0.067663683
0.463461538,0.328125,0.24,0.75,0.677083333,0.068284056
0.463461538,0.21875,0.24,0.75,0.677083333,0.078280132
0.461538462,0.375,0.24,0.75,0.677083333,0.066260898
0.461538462,0.34375,0.24,0.75,0.677083333,0.067647989
0.461538462,0.328125,0.24,0.75,0.677083333,0.068236945
0.461538462,0.3125,0.24,0.75,0.677083333,0.068959466
0.461538462,0.296875,0.24,0.75,0.677083333,0.069864694
0.461538462,0.28125,0.24,0.75,0.677083333,0.071346417
0.461538462,0.25,0.24,0.75,0.677083333,0.074917482
0.459615385,0.28125,0.24,0.75,0.677083333,0.070996605
0.459615385,0.265625,0.24,0.75,0.677083333,0.072724779
0.459615385,0.234375,0.24,0.75,0.677083333,0.07607844
0.457692308,0.25,0.24,0.75,0.677083333,0.074775522
0.455769231,0.359375,0.24,0.75,0.677083333,0.066530953
0.455769231,0.3125,0.24,0.75,0.677083333,0.06854629
0.451923077,0.28125,0.24,0.75,0.677083333,0.070813368
0.45,0.296875,0.24,0.75,0.677083333,0.069287921
0.45,0.234375,0.24,0.75,0.677083333,0.076238857
0.448076923,0.359375,0.24,0.75,0.677083333,0.066196308
0.448076923,0.328125,0.24,0.75,0.677083333,0.068171745
0.448076923,0.265625,0.24,0.75,0.677083333,0.072118404
0.448076923,0.25,0.24,0.75,0.677083333,0.07370334
0.444230769,0.28125,0.24,0.75,0.677083333,0.07015515
0.442307692,0.296875,0.24,0.75,0.677083333,0.06876154
0.440384615,0.359375,0.24,0.75,0.677083333,0.06628889
0.440384615,0.34375,0.24,0.75,0.677083333,0.066676837
0.440384615,0.234375,0.24,0.75,0.677083333,0.075622463
0.436538462,0.328125,0.24,0.75,0.677083333,0.06725981
0.436538462,0.3125,0.24,0.75,0.677083333,0.068067623
0.436538462,0.25,0.24,0.75,0.677083333,0.072584434
0.434615385,0.265625,0.24,0.75,0.677083333,0.071232816
0.432692308,0.296875,0.24,0.75,0.677083333,0.068469587
0.430769231,0.28125,0.24,0.75,0.677083333,0.069677483
0.428846154,0.34375,0.24,0.75,0.677083333,0.065840237
0.428846154,0.3125,0.24,0.75,0.677083333,0.067746347
0.426923077,0.375,0.24,0.75,0.677083333,0.064288644
0.426923077,0.328125,0.24,0.75,0.677083333,0.066797068
0.425,0.296875,0.24,0.75,0.677083333,0.068216363
0.425,0.25,0.24,0.75,0.677083333,0.072131254
0.425,0.234375,0.24,0.75,0.677083333,0.073746857
0.423076923,0.359375,0.24,0.75,0.677083333,0.064907776
0.421153846,0.3125,0.24,0.75,0.677083333,0.067342334
0.421153846,0.21875,0.24,0.75,0.677083333,0.075894728
0.417307692,0.28125,0.24,0.75,0.677083333,0.068533435
0.417307692,0.265625,0.24,0.75,0.677083333,0.070366493
0.417307692,0.25,0.24,0.75,0.677083333,0.071299132
0.415384615,0.34375,0.24,0.75,0.677083333,0.065241613
0.413461538,0.359375,0.24,0.75,0.677083333,0.064257988
0.413461538,0.328125,0.24,0.75,0.677083333,0.066104319
0.413461538,0.21875,0.24,0.75,0.677083333,0.075340948
0.411538462,0.375,0.24,0.75,0.677083333,0.063023297
0.411538462,0.296875,0.24,0.75,0.677083333,0.067648083
0.409615385,0.234375,0.24,0.75,0.677083333,0.072517618
0.407692308,0.3125,0.24,0.75,0.677083333,0.066643635
0.405769231,0.28125,0.24,0.75,0.677083333,0.068179988
0.405769231,0.21875,0.24,0.75,0.677083333,0.074283402
0.403846154,0.359375,0.24,0.75,0.677083333,0.063945809
0.403846154,0.34375,0.24,0.75,0.677083333,0.064608668
0.403846154,0.3125,0.24,0.75,0.677083333,0.066488085
0.403846154,0.296875,0.24,0.75,0.677083333,0.067826775
0.403846154,0.28125,0.24,0.75,0.677083333,0.068328296
0.403846154,0.25,0.24,0.75,0.677083333,0.070426936
0.403846154,0.234375,0.24,0.75,0.677083333,0.072064888
0.403846154,0.21875,0.24,0.75,0.677083333,0.074593396
0.401923077,0.34375,0.24,0.75,0.677083333,0.064516433
0.401923077,0.296875,0.24,0.75,0.677083333,0.06747278
0.4,0.375,0.24,0.75,0.677083333,0.062427787
0.4,0.28125,1,0.678571429,0,0.073667575
0.4,0.28125,0.534085547,0.678571429,0.710243056,0.167782793
0.4,0.265625,0.24,0.75,0.677083333,0.068847963
0.4,0.1875,1,0.678571429,0,0.132425639
0.4,0.1875,0.5924784,0.678571429,0.710243056,0.225837005
0.396153846,0.3125,0.24,0.75,0.677083333,0.066302229
0.396153846,0.25,0.24,0.75,0.677083333,0.070064504
0.396153846,0.234375,0.24,0.75,0.677083333,0.071290449
0.394230769,0.296875,0.24,0.75,0.677083333,0.066936862
0.394230769,0.28125,0.24,0.75,0.677083333,0.067983031
0.390384615,0.34375,0.24,0.75,0.677083333,0.064524286
0.390384615,0.328125,0.24,0.75,0.677083333,0.064900694
0.390384615,0.265625,0.24,0.75,0.677083333,0.068298784
0.388461538,0.375,0.24,0.75,0.677083333,0.061311961
0.388461538,0.359375,0.24,0.75,0.677083333,0.062726768
0.386538462,0.28125,0.24,0.75,0.677083333,0.067547062
0.384615385,0.5,0.12,0.714285714,0.868055556,0.06122449
0.384615385,0.375,0.12,0.714285714,0.868055556,0.081632653
0.384615385,0.34375,0.24,0.75,0.677083333,0.063523057
0.384615385,0.3125,0.86,0.414285714,0,0.064215306
0.384615385,0.3125,0.28,0.414285714,1,0.078459184
0.384615385,0.3125,0.28,0.414285714,0.954861111,0.061357143
0.384615385,0.3125,0.28,0.414285714,0.868055556,0.030612245
0.384615385,0.3125,0.24,0.75,0.677083333,0.065851294
0.384615385,0.296875,0.24,0.75,0.677083333,0.066362916
0.384615385,0.28125,0.24,0.75,0.677083333,0.067324284
0.384615385,0.25,0.24,0.75,0.677083333,0.069180907
0.384615385,0.25,0.12,0.714285714,0.868055556,0.142857143
0.384615385,0.234375,0.86,0.414285714,0,0.085933673
0.384615385,0.234375,0.28,0.414285714,1,0.082663265
0.384615385,0.234375,0.28,0.414285714,0.954861111,0.068397959
0.384615385,0.234375,0.28,0.414285714,0.868055556,0.081632653
0.384615385,0.21875,0.24,0.75,0.677083333,0.072756602
0.384615385,0.125,0.12,0.714285714,0.868055556,0.306122449
0.384615385,0.09375,0.86,0.414285714,0,0.181709184
0.384615385,0.09375,0.28,0.414285714,1,0.286653061
0.384615385,0.09375,0.28,0.414285714,0.954861111,0.156408163
0.384615385,0.09375,0.28,0.414285714,0.868055556,0.204081633
0.384615385,0.0625,0.12,0.714285714,0.868055556,0.489795918
0.384615385,0.03125,0.86,0.414285714,0,0.371107143
0.384615385,0.03125,0.28,0.414285714,1,0.328877551
0.384615385,0.03125,0.28,0.414285714,0.954861111,0.328306122
0.384615385,0.03125,0.28,0.414285714,0.868055556,0.316326531
0.384615385,0.03125,0.28,0.414285714,0,0.352040816
0.375,0.375,0.12,0.714285714,0.868055556,0.066326531
0.375,0.375,0.12,0.714285714,0.703125,0.076530612
0.375,0.3734375,0.12,0.714285714,0.868055556,0.066734694
0.375,0.371875,0.12,0.714285714,0.868055556,0.067142857
0.375,0.3703125,0.12,0.714285714,0.868055556,0.06755102
0.375,0.36875,0.12,0.714285714,0.868055556,0.067959184
0.375,0.3671875,0.12,0.714285714,0.868055556,0.068367347
0.375,0.365625,0.12,0.714285714,0.868055556,0.06877551
0.375,0.3640625,0.12,0.714285714,0.868055556,0.069183673
0.375,0.3625,0.12,0.714285714,0.868055556,0.069591837
0.375,0.3609375,0.12,0.714285714,0.868055556,0.07
0.375,0.359375,0.12,0.714285714,0.868055556,0.070408163
0.375,0.3578125,0.12,0.714285714,0.868055556,0.070816327
0.375,0.35625,0.12,0.714285714,0.868055556,0.07122449
0.375,0.3546875,0.12,0.714285714,0.868055556,0.071632653
0.375,0.353125,0.12,0.714285714,0.868055556,0.072040816
0.375,0.3515625,0.12,0.714285714,0.868055556,0.07244898
0.375,0.35,0.12,0.714285714,0.868055556,0.072857143
0.375,0.3484375,0.12,0.714285714,0.868055556,0.073265306
0.375,0.346875,0.12,0.714285714,0.868055556,0.073673469
0.375,0.3453125,0.12,0.714285714,0.868055556,0.074081633
0.375,0.34375,0.12,0.714285714,0.868055556,0.074489796
0.375,0.3421875,0.12,0.714285714,0.868055556,0.074897959
0.375,0.340625,0.12,0.714285714,0.868055556,0.075306122
0.375,0.3390625,0.12,0.714285714,0.868055556,0.075714286
0.375,0.3375,0.12,0.714285714,0.868055556,0.076122449
0.375,0.3359375,0.12,0.714285714,0.868055556,0.076530612
0.375,0.334375,0.12,0.714285714,0.868055556,0.076938776
0.375,0.3328125,0.12,0.714285714,0.868055556,0.077346939
0.375,0.33125,0.12,0.714285714,0.868055556,0.077755102
0.375,0.3296875,0.12,0.714285714,0.868055556,0.078163265
0.375,0.328125,0.12,0.714285714,0.868055556,0.078571429
0.375,0.3265625,0.12,0.714285714,0.868055556,0.078979592
0.375,0.325,0.12,0.714285714,0.868055556,0.079387755
0.375,0.3234375,0.12,0.714285714,0.868055556,0.079795918
0.375,0.321875,0.12,0.714285714,0.868055556,0.080204082
0.375,0.3203125,0.12,0.714285714,0.868055556,0.080612245
0.375,0.31875,0.12,0.714285714,0.868055556,0.081020408
0.375,0.3171875,0.12,0.714285714,0.868055556,0.081428571
0.375,0.315625,0.12,0.714285714,0.868055556,0.081836735
0.375,0.3140625,0.12,0.714285714,0.868055556,0.082244898
0.375,0.3125,0.12,0.714285714,0.868055556,0.082653061
0.375,0.3125,0.12,0.714285714,0.703125,0.095663265
0.375,0.3109375,0.12,0.714285714,0.868055556,0.083244898
0.375,0.309375,0.12,0.714285714,0.868055556,0.083836735
0.375,0.3078125,0.12,0.714285714,0.868055556,0.084428571
0.375,0.30625,0.12,0.714285714,0.868055556,0.085020408
0.375,0.3046875,0.12,0.714285714,0.868055556,0.085612245
0.375,0.303125,0.12,0.714285714,0.868055556,0.086204082
0.375,0.3015625,0.12,0.714285714,0.868055556,0.086795918
0.375,0.3,0.12,0.714285714,0.868055556,0.087387755
0.375,0.2984375,0.12,0.714285714,0.868055556,0.087979592
0.375,0.296875,0.12,0.714285714,0.868055556,0.088571429
0.375,0.2953125,0.12,0.714285714,0.868055556,0.089163265
0.375,0.29375,0.12,0.714285714,0.868055556,0.089755102
0.375,0.2921875,0.12,0.714285714,0.868055556,0.090346939
0.375,0.290625,0.12,0.714285714,0.868055556,0.090938776
0.375,0.2890625,0.12,0.714285714,0.868055556,0.091530612
0.375,0.2875,0.12,0.714285714,0.868055556,0.092122449
0.375,0.2859375,0.12,0.714285714,0.868055556,0.092714286
0.375,0.284375,0.12,0.714285714,0.868055556,0.093306122
0.375,0.2828125,0.12,0.714285714,0.868055556,0.093897959
0.375,0.28125,0.12,0.714285714,0.868055556,0.094489796
0.375,0.2796875,0.12,0.714285714,0.868055556,0.095081633
0.375,0.278125,0.12,0.714285714,0.868055556,0.095673469
0.375,0.2765625,0.12,0.714285714,0.868055556,0.096265306
0.375,0.275,0.12,0.714285714,0.868055556,0.096857143
0.375,0.2734375,0.12,0.714285714,0.868055556,0.09744898
0.375,0.271875,0.12,0.714285714,0.868055556,0.098040816
0.375,0.2703125,0.12,0.714285714,0.868055556,0.098632653
0.375,0.26875,0.12,0.714285714,0.868055556,0.09922449
0.375,0.2671875,0.12,0.714285714,0.868055556,0.099816327
0.375,0.265625,0.12,0.714285714,0.868055556,0.100408163
0.375,0.2640625,0.12,0.714285714,0.868055556,0.101
0.375,0.2625,0.12,0.714285714,0.868055556,0.101591837
0.375,0.2609375,0.12,0.714285714,0.868055556,0.102183673
0.375,0.259375,0.12,0.714285714,0.868055556,0.10277551
0.375,0.2578125,0.12,0.714285714,0.868055556,0.103367347
0.375,0.25625,0.12,0.714285714,0.868055556,0.103959184
0.375,0.2546875,0.12,0.714285714,0.868055556,0.10455102
0.375,0.253125,0.12,0.714285714,0.868055556,0.105142857
0.375,0.2515625,0.12,0.714285714,0.868055556,0.105734694
0.375,0.25,0.12,0.714285714,0.868055556,0.106326531
0.375,0.25,0.12,0.714285714,0.703125,0.114795918
0.375,0.2484375,0.12,0.714285714,0.868055556,0.106918367
0.375,0.246875,0.12,0.714285714,0.868055556,0.107510204
0.375,0.2453125,0.12,0.714285714,0.868055556,0.108102041
0.375,0.24375,0.12,0.714285714,0.868055556,0.108693878
0.375,0.2421875,0.12,0.714285714,0.868055556,0.109285714
0.375,0.240625,0.12,0.714285714,0.868055556,0.109877551
0.375,0.2390625,0.12,0.714285714,0.868055556,0.110469388
0.375,0.2375,0.12,0.714285714,0.868055556,0.111061224
0.375,0.2359375,0.12,0.714285714,0.868055556,0.111653061
0.375,0.234375,0.12,0.714285714,0.868055556,0.112244898
0.375,0.2328125,0.12,0.714285714,0.868055556,0.113591837
0.375,0.23125,0.12,0.714285714,0.868055556,0.114938776
0.375,0.2296875,0.12,0.714285714,0.868055556,0.116285714
0.375,0.228125,0.12,0.714285714,0.868055556,0.117632653
0.375,0.2265625,0.12,0.714285714,0.868055556,0.118979592
0.375,0.225,0.12,0.714285714,0.868055556,0.120326531
0.375,0.2234375,0.12,0.714285714,0.868055556,0.121673469
0.375,0.221875,0.12,0.714285714,0.868055556,0.123020408
0.375,0.2203125,0.12,0.714285714,0.868055556,0.124367347
0.375,0.21875,0.12,0.714285714,0.868055556,0.125714286
0.375,0.2171875,0.12,0.714285714,0.868055556,0.127061224
0.375,0.215625,0.12,0.714285714,0.868055556,0.128408163
0.375,0.2140625,0.12,0.714285714,0.868055556,0.129755102
0.375,0.2125,0.12,0.714285714,0.868055556,0.131102041
0.375,0.2109375,0.12,0.714285714,0.868055556,0.13244898
0.375,0.209375,0.12,0.714285714,0.868055556,0.133795918
0.375,0.2078125,0.12,0.714285714,0.868055556,0.135142857
0.375,0.20625,0.12,0.714285714,0.868055556,0.136489796
0.375,0.2046875,0.12,0.714285714,0.868055556,0.137836735
0.375,0.203125,0.12,0.714285714,0.868055556,0.139183673
0.375,0.2015625,0.12,0.714285714,0.868055556,0.140530612
0.375,0.2,0.12,0.714285714,0.868055556,0.141877551
0.375,0.1984375,0.12,0.714285714,0.868055556,0.14322449
0.375,0.196875,0.12,0.714285714,0.868055556,0.144571429
0.375,0.1953125,0.12,0.714285714,0.868055556,0.145918367
0.375,0.19375,0.12,0.714285714,0.868055556,0.147265306
0.375,0.1921875,0.12,0.714285714,0.868055556,0.148612245
0.375,0.190625,0.12,0.714285714,0.868055556,0.149959184
0.375,0.1890625,0.12,0.714285714,0.868055556,0.151306122
0.375,0.1875,0.12,0.714285714,0.868055556,0.152653061
0.375,0.1875,0.12,0.714285714,0.703125,0.191326531
0.375,0.1859375,0.12,0.714285714,0.868055556,0.154
0.375,0.184375,0.12,0.714285714,0.868055556,0.155346939
0.375,0.1828125,0.12,0.714285714,0.868055556,0.156693878
0.375,0.18125,0.12,0.714285714,0.868055556,0.158040816
0.375,0.1796875,0.12,0.714285714,0.868055556,0.159387755
0.375,0.178125,0.12,0.714285714,0.868055556,0.160734694
0.375,0.1765625,0.12,0.714285714,0.868055556,0.162081633
0.375,0.175,0.12,0.714285714,0.868055556,0.163428571
0.375,0.1734375,0.12,0.714285714,0.868055556,0.16477551
0.375,0.171875,0.12,0.714285714,0.868055556,0.166122449
0.375,0.1703125,0.12,0.714285714,0.868055556,0.167469388
0.375,0.16875,0.12,0.714285714,0.868055556,0.168816327
0.375,0.1671875,0.12,0.714285714,0.868055556,0.170163265
0.375,0.165625,0.12,0.714285714,0.868055556,0.171510204
0.375,0.1640625,0.12,0.714285714,0.868055556,0.172857143
0.375,0.1625,0.12,0.714285714,0.868055556,0.174204082
0.375,0.1609375,0.12,0.714285714,0.868055556,0.17555102
0.375,0.159375,0.12,0.714285714,0.868055556,0.176897959
0.375,0.1578125,0.12,0.714285714,0.868055556,0.178244898
0.375,0.15625,0.12,0.714285714,0.868055556,0.179591837
0.375,0.125,0.12,0.714285714,0.703125,0.229591837
0.375,0.0625,0.12,0.714285714,0.703125,0.344387755
0.373076923,0.34375,0.28,0.714285714,0.868055556,0.056938776
0.373076923,0.15625,0.28,0.714285714,0.868055556,0.031020408
0.373076923,0.0625,0.28,0.714285714,0.868055556,0.038877551
0.344230769,0.36293125,0.48,0.571428571,0,0.128346939
0.336538462,0.375,0.12,0.714285714,0.703125,0.038265306
0.336538462,0.3125,0.12,0.714285714,0.703125,0.076530612
0.336538462,0.25,0.12,0.714285714,0.703125,0.114795918
0.336538462,0.1875,0.12,0.714285714,0.703125,0.191326531
0.336538462,0.125,0.12,0.714285714,0.703125,0.210459184
0.336538462,0.0625,0.12,0.714285714,0.703125,0.367346939
0.315384615,0.532234375,0.48,0.571428571,0,0.079642857
0.3,0.21875,1,0.678571429,0,0.076699592
0.3,0,1,1,0,0.138591023
0.288461538,0.375,0.12,0.714285714,0.868055556,0.051020408
0.288461538,0.375,0.12,0.714285714,0.868055556,0.05
0.288461538,0.375,0.12,0.714285714,0.703125,0.038265306
0.288461538,0.3734375,0.12,0.714285714,0.868055556,0.050102041
0.288461538,0.371875,0.12,0.714285714,0.868055556,0.050204082
0.288461538,0.3703125,0.12,0.714285714,0.868055556,0.050306122
0.288461538,0.36875,0.12,0.714285714,0.868055556,0.050408163
0.288461538,0.3671875,0.12,0.714285714,0.868055556,0.050510204
0.288461538,0.365625,0.12,0.714285714,0.868055556,0.050612245
0.288461538,0.3640625,0.12,0.714285714,0.868055556,0.050714286
0.288461538,0.3625,0.12,0.714285714,0.868055556,0.050816327
0.288461538,0.3609375,0.12,0.714285714,0.868055556,0.050918367
0.288461538,0.359375,0.12,0.714285714,0.868055556,0.051020408
0.288461538,0.3578125,0.12,0.714285714,0.868055556,0.051122449
0.288461538,0.35625,0.12,0.714285714,0.868055556,0.05122449
0.288461538,0.3546875,0.12,0.714285714,0.868055556,0.051326531
0.288461538,0.353125,0.12,0.714285714,0.868055556,0.051428571
0.288461538,0.3515625,0.12,0.714285714,0.868055556,0.051530612
0.288461538,0.35,0.12,0.714285714,0.868055556,0.051632653
0.288461538,0.3484375,0.12,0.714285714,0.868055556,0.051734694
0.288461538,0.346875,0.12,0.714285714,0.868055556,0.051836735
0.288461538,0.3453125,0.12,0.714285714,0.868055556,0.051938776
0.288461538,0.34375,0.12,0.714285714,0.868055556,0.052040816
0.288461538,0.3421875,0.12,0.714285714,0.868055556,0.052142857
0.288461538,0.340625,0.12,0.714285714,0.868055556,0.052244898
0.288461538,0.3390625,0.12,0.714285714,0.868055556,0.052346939
0.288461538,0.3375,0.12,0.714285714,0.868055556,0.05244898
0.288461538,0.3359375,0.12,0.714285714,0.868055556,0.05255102
0.288461538,0.334375,0.12,0.714285714,0.868055556,0.052653061
0.288461538,0.3328125,0.12,0.714285714,0.868055556,0.052755102
0.288461538,0.33125,0.12,0.714285714,0.868055556,0.052857143
0.288461538,0.3296875,0.12,0.714285714,0.868055556,0.052959184
0.288461538,0.328125,0.12,0.714285714,0.868055556,0.053061224
0.288461538,0.3265625,0.12,0.714285714,0.868055556,0.053163265
0.288461538,0.325,0.12,0.714285714,0.868055556,0.053265306
0.288461538,0.3234375,0.12,0.714285714,0.868055556,0.053367347
0.288461538,0.321875,0.12,0.714285714,0.868055556,0.053469388
0.288461538,0.3203125,0.12,0.714285714,0.868055556,0.053571429
0.288461538,0.31875,0.12,0.714285714,0.868055556,0.053673469
0.288461538,0.3171875,0.12,0.714285714,0.868055556,0.05377551
0.288461538,0.315625,0.12,0.714285714,0.868055556,0.053877551
0.288461538,0.3140625,0.12,0.714285714,0.868055556,0.053979592
0.288461538,0.3125,0.12,0.714285714,0.868055556,0.054081633
0.288461538,0.3125,0.12,0.714285714,0.703125,0.06122449
0.288461538,0.3109375,0.12,0.714285714,0.868055556,0.054469388
0.288461538,0.309375,0.12,0.714285714,0.868055556,0.054857143
0.288461538,0.3078125,0.12,0.714285714,0.868055556,0.055244898
0.288461538,0.30625,0.12,0.714285714,0.868055556,0.055632653
0.288461538,0.3046875,0.12,0.714285714,0.868055556,0.056020408
0.288461538,0.303125,0.12,0.714285714,0.868055556,0.056408163
0.288461538,0.3015625,0.12,0.714285714,0.868055556,0.056795918
0.288461538,0.3,0.12,0.714285714,0.868055556,0.057183673
0.288461538,0.2984375,0.12,0.714285714,0.868055556,0.057571429
0.288461538,0.296875,0.12,0.714285714,0.868055556,0.057959184
0.288461538,0.2953125,0.12,0.714285714,0.868055556,0.058346939
0.288461538,0.29375,0.12,0.714285714,0.868055556,0.058734694
0.288461538,0.2921875,0.12,0.714285714,0.868055556,0.059122449
0.288461538,0.290625,0.12,0.714285714,0.868055556,0.059510204
0.288461538,0.2890625,0.12,0.714285714,0.868055556,0.059897959
0.288461538,0.2875,0.12,0.714285714,0.868055556,0.060285714
0.288461538,0.2859375,0.12,0.714285714,0.868055556,0.060673469
0.288461538,0.284375,0.12,0.714285714,0.868055556,0.061061224
0.288461538,0.2828125,0.12,0.714285714,0.868055556,0.06144898
0.288461538,0.28125,0.12,0.714285714,0.868055556,0.061836735
0.288461538,0.2796875,0.12,0.714285714,0.868055556,0.06222449
0.288461538,0.278125,0.12,0.714285714,0.868055556,0.062612245
0.288461538,0.2765625,0.12,0.714285714,0.868055556,0.063
0.288461538,0.275,0.12,0.714285714,0.868055556,0.063387755
0.288461538,0.2734375,0.12,0.714285714,0.868055556,0.06377551
0.288461538,0.271875,0.12,0.714285714,0.868055556,0.064163265
0.288461538,0.2703125,0.12,0.714285714,0.868055556,0.06455102
0.288461538,0.26875,0.12,0.714285714,0.868055556,0.064938776
0.288461538,0.2671875,0.12,0.714285714,0.868055556,0.065326531
0.288461538,0.265625,0.12,0.714285714,0.868055556,0.065714286
0.288461538,0.2640625,0.12,0.714285714,0.868055556,0.066102041
0.288461538,0.2625,0.12,0.714285714,0.868055556,0.066489796
0.288461538,0.2609375,0.12,0.714285714,0.868055556,0.066877551
0.288461538,0.259375,0.12,0.714285714,0.868055556,0.067265306
0.288461538,0.2578125,0.12,0.714285714,0.868055556,0.067653061
0.288461538,0.25625,0.12,0.714285714,0.868055556,0.068040816
0.288461538,0.2546875,0.12,0.714285714,0.868055556,0.068428571
0.288461538,0.253125,0.12,0.714285714,0.868055556,0.068816327
0.288461538,0.2515625,0.12,0.714285714,0.868055556,0.069204082
0.288461538,0.25,0.12,0.714285714,0.868055556,0.091836735
0.288461538,0.25,0.12,0.714285714,0.868055556,0.069591837
0.288461538,0.25,0.12,0.714285714,0.703125,0.076530612
0.288461538,0.2484375,0.12,0.714285714,0.868055556,0.069979592
0.288461538,0.246875,0.12,0.714285714,0.868055556,0.070367347
0.288461538,0.2453125,0.12,0.714285714,0.868055556,0.070755102
0.288461538,0.24375,0.12,0.714285714,0.868055556,0.071142857
0.288461538,0.2421875,0.12,0.714285714,0.868055556,0.071530612
0.288461538,0.240625,0.12,0.714285714,0.868055556,0.071918367
0.288461538,0.2390625,0.12,0.714285714,0.868055556,0.072306122
0.288461538,0.2375,0.12,0.714285714,0.868055556,0.072693878
0.288461538,0.2359375,0.12,0.714285714,0.868055556,0.073081633
0.288461538,0.234375,0.12,0.714285714,0.868055556,0.073469388
0.288461538,0.2328125,0.12,0.714285714,0.868055556,0.074061224
0.288461538,0.23125,0.12,0.714285714,0.868055556,0.074653061
0.288461538,0.2296875,0.12,0.714285714,0.868055556,0.075244898
0.288461538,0.228125,0.12,0.714285714,0.868055556,0.075836735
0.288461538,0.2265625,0.12,0.714285714,0.868055556,0.076428571
0.288461538,0.225,0.12,0.714285714,0.868055556,0.077020408
0.288461538,0.2234375,0.12,0.714285714,0.868055556,0.077612245
0.288461538,0.221875,0.12,0.714285714,0.868055556,0.078204082
0.288461538,0.2203125,0.12,0.714285714,0.868055556,0.078795918
0.288461538,0.21875,0.12,0.714285714,0.868055556,0.079387755
0.288461538,0.2171875,0.12,0.714285714,0.868055556,0.079979592
0.288461538,0.215625,0.12,0.714285714,0.868055556,0.080571429
0.288461538,0.2140625,0.12,0.714285714,0.868055556,0.081163265
0.288461538,0.2125,0.12,0.714285714,0.868055556,0.081755102
0.288461538,0.2109375,0.12,0.714285714,0.868055556,0.082346939
0.288461538,0.209375,0.12,0.714285714,0.868055556,0.082938776
0.288461538,0.2078125,0.12,0.714285714,0.868055556,0.083530612
0.288461538,0.20625,0.12,0.714285714,0.868055556,0.084122449
0.288461538,0.2046875,0.12,0.714285714,0.868055556,0.084714286
0.288461538,0.203125,0.12,0.714285714,0.868055556,0.085306122
0.288461538,0.2015625,0.12,0.714285714,0.868055556,0.085897959
0.288461538,0.2,0.12,0.714285714,0.868055556,0.086489796
0.288461538,0.1984375,0.12,0.714285714,0.868055556,0.087081633
0.288461538,0.196875,0.12,0.714285714,0.868055556,0.087673469
0.288461538,0.1953125,0.12,0.714285714,0.868055556,0.088265306
0.288461538,0.19375,0.12,0.714285714,0.868055556,0.088857143
0.288461538,0.1921875,0.12,0.714285714,0.868055556,0.08944898
0.288461538,0.190625,0.12,0.714285714,0.868055556,0.090040816
0.288461538,0.1890625,0.12,0.714285714,0.868055556,0.090632653
0.288461538,0.1875,0.12,0.714285714,0.868055556,0.09122449
0.288461538,0.1875,0.12,0.714285714,0.703125,0.153061224
0.288461538,0.1859375,0.12,0.714285714,0.868055556,0.091816327
0.288461538,0.184375,0.12,0.714285714,0.868055556,0.092408163
0.288461538,0.1828125,0.12,0.714285714,0.868055556,0.093
0.288461538,0.18125,0.12,0.714285714,0.868055556,0.093591837
0.288461538,0.1796875,0.12,0.714285714,0.868055556,0.094183673
0.288461538,0.178125,0.12,0.714285714,0.868055556,0.09477551
0.288461538,0.1765625,0.12,0.714285714,0.868055556,0.095367347
0.288461538,0.175,0.12,0.714285714,0.868055556,0.095959184
0.288461538,0.1734375,0.12,0.714285714,0.868055556,0.09655102
0.288461538,0.171875,0.12,0.714285714,0.868055556,0.097142857
0.288461538,0.1703125,0.12,0.714285714,0.868055556,0.097734694
0.288461538,0.16875,0.12,0.714285714,0.868055556,0.098326531
0.288461538,0.1671875,0.12,0.714285714,0.868055556,0.098918367
0.288461538,0.165625,0.12,0.714285714,0.868055556,0.099510204
0.288461538,0.1640625,0.12,0.714285714,0.868055556,0.100102041
0.288461538,0.1625,0.12,0.714285714,0.868055556,0.100693878
0.288461538,0.1609375,0.12,0.714285714,0.868055556,0.101285714
0.288461538,0.159375,0.12,0.714285714,0.868055556,0.101877551
0.288461538,0.1578125,0.12,0.714285714,0.868055556,0.102469388
0.288461538,0.15625,0.12,0.714285714,0.868055556,0.103061224
0.288461538,0.125,0.12,0.714285714,0.868055556,0.229591837
0.288461538,0.125,0.12,0.714285714,0.703125,0.191326531
0.288461538,0.0625,0.12,0.714285714,0.868055556,0.346938776
0.288461538,0.0625,0.12,0.714285714,0.703125,0.306122449
0.285,0.20796875,0.48,0.571428571,0,0.184459184
0.240384615,0.375,0.12,0.714285714,0.703125,0.015306122
0.240384615,0.3125,0.12,0.714285714,0.703125,0.015306122
0.240384615,0.25,0.12,0.714285714,0.703125,0.040816327
0.240384615,0.1875,0.12,0.714285714,0.703125,0.114795918
0.240384615,0.125,0.12,0.714285714,0.703125,0.153061224
0.240384615,0.0625,0.12,0.714285714,0.703125,0.153061224
0.225,0.2851375,0.48,0.571428571,0,0.094785714
0.192307692,0.375,0.12,0.714285714,0.868055556,0.02244898
0.192307692,0.375,0.12,0.714285714,0.703125,0.045918367
0.192307692,0.3734375,0.12,0.714285714,0.868055556,0.0225
0.192307692,0.371875,0.12,0.714285714,0.868055556,0.02255102
0.192307692,0.3703125,0.12,0.714285714,0.868055556,0.022602041
0.192307692,0.36875,0.12,0.714285714,0.868055556,0.022653061
0.192307692,0.3671875,0.12,0.714285714,0.868055556,0.022704082
0.192307692,0.365625,0.12,0.714285714,0.868055556,0.022755102
0.192307692,0.3640625,0.12,0.714285714,0.868055556,0.022806122
0.192307692,0.3625,0.12,0.714285714,0.868055556,0.022857143
0.192307692,0.3609375,0.12,0.714285714,0.868055556,0.022908163
0.192307692,0.359375,0.12,0.714285714,0.868055556,0.022959184
0.192307692,0.3578125,0.12,0.714285714,0.868055556,0.023010204
0.192307692,0.35625,0.12,0.714285714,0.868055556,0.023061224
0.192307692,0.3546875,0.12,0.714285714,0.868055556,0.023112245
0.192307692,0.353125,0.12,0.714285714,0.868055556,0.023163265
0.192307692,0.3515625,0.12,0.714285714,0.868055556,0.023214286
0.192307692,0.35,0.12,0.714285714,0.868055556,0.023265306
0.192307692,0.3484375,0.12,0.714285714,0.868055556,0.023316327
0.192307692,0.346875,0.12,0.714285714,0.868055556,0.023367347
0.192307692,0.3453125,0.12,0.714285714,0.868055556,0.023418367
0.192307692,0.34375,0.12,0.714285714,0.868055556,0.023469388
0.192307692,0.3421875,0.12,0.714285714,0.868055556,0.023520408
0.192307692,0.340625,0.12,0.714285714,0.868055556,0.023571429
0.192307692,0.3390625,0.12,0.714285714,0.868055556,0.023622449
0.192307692,0.3375,0.12,0.714285714,0.868055556,0.023673469
0.192307692,0.3359375,0.12,0.714285714,0.868055556,0.02372449
0.192307692,0.334375,0.12,0.714285714,0.868055556,0.02377551
0.192307692,0.3328125,0.12,0.714285714,0.868055556,0.023826531
0.192307692,0.33125,0.12,0.714285714,0.868055556,0.023877551
0.192307692,0.3296875,0.12,0.714285714,0.868055556,0.023928571
0.192307692,0.328125,0.12,0.714285714,0.868055556,0.023979592
0.192307692,0.3265625,0.12,0.714285714,0.868055556,0.024030612
0.192307692,0.325,0.12,0.714285714,0.868055556,0.024081633
0.192307692,0.3234375,0.12,0.714285714,0.868055556,0.024132653
0.192307692,0.321875,0.12,0.714285714,0.868055556,0.024183673
0.192307692,0.3203125,0.12,0.714285714,0.868055556,0.024234694
0.192307692,0.31875,0.12,0.714285714,0.868055556,0.024285714
0.192307692,0.3171875,0.12,0.714285714,0.868055556,0.024336735
0.192307692,0.315625,0.12,0.714285714,0.868055556,0.024387755
0.192307692,0.3140625,0.12,0.714285714,0.868055556,0.024438776
0.192307692,0.3125,0.12,0.714285714,0.868055556,0.024489796
0.192307692,0.3125,0.12,0.714285714,0.703125,0.038265306
0.192307692,0.3109375,0.12,0.714285714,0.868055556,0.024653061
0.192307692,0.309375,0.12,0.714285714,0.868055556,0.024816327
0.192307692,0.3078125,0.12,0.714285714,0.868055556,0.024979592
0.192307692,0.30625,0.12,0.714285714,0.868055556,0.025142857
0.192307692,0.3046875,0.12,0.714285714,0.868055556,0.025306122
0.192307692,0.303125,0.12,0.714285714,0.868055556,0.025469388
0.192307692,0.3015625,0.12,0.714285714,0.868055556,0.025632653
0.192307692,0.3,0.12,0.714285714,0.868055556,0.025795918
0.192307692,0.2984375,0.12,0.714285714,0.868055556,0.025959184
0.192307692,0.296875,0.12,0.714285714,0.868055556,0.026122449
0.192307692,0.2953125,0.12,0.714285714,0.868055556,0.026285714
0.192307692,0.29375,0.12,0.714285714,0.868055556,0.02644898
0.192307692,0.2921875,0.12,0.714285714,0.868055556,0.026612245
0.192307692,0.290625,0.12,0.714285714,0.868055556,0.02677551
0.192307692,0.2890625,0.12,0.714285714,0.868055556,0.026938776
0.192307692,0.2875,0.12,0.714285714,0.868055556,0.027102041
0.192307692,0.2859375,0.12,0.714285714,0.868055556,0.027265306
0.192307692,0.284375,0.12,0.714285714,0.868055556,0.027428571
0.192307692,0.2828125,0.12,0.714285714,0.868055556,0.027591837
0.192307692,0.28125,0.12,0.714285714,0.868055556,0.027755102
0.192307692,0.2796875,0.12,0.714285714,0.868055556,0.027918367
0.192307692,0.278125,0.12,0.714285714,0.868055556,0.028081633
0.192307692,0.2765625,0.12,0.714285714,0.868055556,0.028244898
0.192307692,0.275,0.12,0.714285714,0.868055556,0.028408163
0.192307692,0.2734375,0.12,0.714285714,0.868055556,0.028571429
0.192307692,0.271875,0.12,0.714285714,0.868055556,0.028734694
0.192307692,0.2703125,0.12,0.714285714,0.868055556,0.028897959
0.192307692,0.26875,0.12,0.714285714,0.868055556,0.029061224
0.192307692,0.2671875,0.12,0.714285714,0.868055556,0.02922449
0.192307692,0.265625,0.12,0.714285714,0.868055556,0.029387755
0.192307692,0.2640625,0.12,0.714285714,0.868055556,0.02955102
0.192307692,0.2625,0.12,0.714285714,0.868055556,0.029714286
0.192307692,0.2609375,0.12,0.714285714,0.868055556,0.029877551
0.192307692,0.259375,0.12,0.714285714,0.868055556,0.030040816
0.192307692,0.2578125,0.12,0.714285714,0.868055556,0.030204082
0.192307692,0.25625,0.12,0.714285714,0.868055556,0.030367347
0.192307692,0.2546875,0.12,0.714285714,0.868055556,0.030530612
0.192307692,0.253125,0.12,0.714285714,0.868055556,0.030693878
0.192307692,0.2515625,0.12,0.714285714,0.868055556,0.030857143
0.192307692,0.25,0.12,0.714285714,0.868055556,0.040816327
0.192307692,0.25,0.12,0.714285714,0.868055556,0.031020408
0.192307692,0.25,0.12,0.714285714,0.703125,0.025510204
0.192307692,0.2484375,0.12,0.714285714,0.868055556,0.031183673
0.192307692,0.246875,0.12,0.714285714,0.868055556,0.031346939
0.192307692,0.2453125,0.12,0.714285714,0.868055556,0.031510204
0.192307692,0.24375,0.12,0.714285714,0.868055556,0.031673469
0.192307692,0.2421875,0.12,0.714285714,0.868055556,0.031836735
0.192307692,0.240625,0.12,0.714285714,0.868055556,0.032
0.192307692,0.2390625,0.12,0.714285714,0.868055556,0.032163265
0.192307692,0.2375,0.12,0.714285714,0.868055556,0.032326531
0.192307692,0.2359375,0.12,0.714285714,0.868055556,0.032489796
0.192307692,0.234375,0.12,0.714285714,0.868055556,0.032653061
0.192307692,0.2328125,0.12,0.714285714,0.868055556,0.032897959
0.192307692,0.23125,0.12,0.714285714,0.868055556,0.033142857
0.192307692,0.2296875,0.12,0.714285714,0.868055556,0.033387755
0.192307692,0.228125,0.12,0.714285714,0.868055556,0.033632653
0.192307692,0.2265625,0.12,0.714285714,0.868055556,0.033877551
0.192307692,0.225,0.12,0.714285714,0.868055556,0.034122449
0.192307692,0.2234375,0.12,0.714285714,0.868055556,0.034367347
0.192307692,0.221875,0.12,0.714285714,0.868055556,0.034612245
0.192307692,0.2203125,0.12,0.714285714,0.868055556,0.034857143
0.192307692,0.21875,0.12,0.714285714,0.868055556,0.035102041
0.192307692,0.2171875,0.12,0.714285714,0.868055556,0.035346939
0.192307692,0.215625,0.12,0.714285714,0.868055556,0.035591837
0.192307692,0.2140625,0.12,0.714285714,0.868055556,0.035836735
0.192307692,0.2125,0.12,0.714285714,0.868055556,0.036081633
0.192307692,0.2109375,0.12,0.714285714,0.868055556,0.036326531
0.192307692,0.209375,0.12,0.714285714,0.868055556,0.036571429
0.192307692,0.2078125,0.12,0.714285714,0.868055556,0.036816327
0.192307692,0.20625,0.12,0.714285714,0.868055556,0.037061224
0.192307692,0.2046875,0.12,0.714285714,0.868055556,0.037306122
0.192307692,0.203125,0.12,0.714285714,0.868055556,0.03755102
0.192307692,0.2015625,0.12,0.714285714,0.868055556,0.037795918
0.192307692,0.2,0.12,0.714285714,0.868055556,0.038040816
0.192307692,0.1984375,0.12,0.714285714,0.868055556,0.038285714
0.192307692,0.196875,0.12,0.714285714,0.868055556,0.038530612
0.192307692,0.1953125,0.12,0.714285714,0.868055556,0.03877551
0.192307692,0.19375,0.12,0.714285714,0.868055556,0.039020408
0.192307692,0.1921875,0.12,0.714285714,0.868055556,0.039265306
0.192307692,0.190625,0.12,0.714285714,0.868055556,0.039510204
0.192307692,0.1890625,0.12,0.714285714,0.868055556,0.039755102
0.192307692,0.1875,0.12,0.714285714,0.868055556,0.04
0.192307692,0.1875,0.12,0.714285714,0.703125,0.038265306
0.192307692,0.1859375,0.12,0.714285714,0.868055556,0.040244898
0.192307692,0.184375,0.12,0.714285714,0.868055556,0.040489796
0.192307692,0.1828125,0.12,0.714285714,0.868055556,0.040734694
0.192307692,0.18125,0.12,0.714285714,0.868055556,0.040979592
0.192307692,0.1796875,0.12,0.714285714,0.868055556,0.04122449
0.192307692,0.178125,0.12,0.714285714,0.868055556,0.041469388
0.192307692,0.1765625,0.12,0.714285714,0.868055556,0.041714286
0.192307692,0.175,0.12,0.714285714,0.868055556,0.041959184
0.192307692,0.1734375,0.12,0.714285714,0.868055556,0.042204082
0.192307692,0.171875,0.12,0.714285714,0.868055556,0.04244898
0.192307692,0.1703125,0.12,0.714285714,0.868055556,0.042693878
0.192307692,0.16875,0.12,0.714285714,0.868055556,0.042938776
0.192307692,0.1671875,0.12,0.714285714,0.868055556,0.043183673
0.192307692,0.165625,0.12,0.714285714,0.868055556,0.043428571
0.192307692,0.1640625,0.12,0.714285714,0.868055556,0.043673469
0.192307692,0.1625,0.12,0.714285714,0.868055556,0.043918367
0.192307692,0.1609375,0.12,0.714285714,0.868055556,0.044163265
0.192307692,0.159375,0.12,0.714285714,0.868055556,0.044408163
0.192307692,0.1578125,0.12,0.714285714,0.868055556,0.044653061
0.192307692,0.15625,0.12,0.714285714,0.868055556,0.044897959
0.192307692,0.125,0.12,0.714285714,0.868055556,0.12755102
0.192307692,0.125,0.12,0.714285714,0.703125,0.153061224
0.192307692,0.0625,0.12,0.714285714,0.868055556,0.224489796
0.192307692,0.0625,0.12,0.714285714,0.703125,0.229591837
0.175192308,0.31659375,0.48,0.571428571,0,0.056112245
0.175,0.34375,0.28,0.714285714,0.868055556,0.005102041
0.175,0.25,0.28,0.714285714,0.868055556,0.007755102
0.175,0.15625,0.28,0.714285714,0.868055556,0.012959184
0.175,0.0625,0.28,0.714285714,0.868055556,0.018061224
0.144230769,0.375,0.12,0.714285714,0.703125,0.076530612
0.144230769,0.3125,0.12,0.714285714,0.703125,0.038265306
0.144230769,0.25,0.12,0.714285714,0.703125,0.06122449
0.144230769,0.1875,0.12,0.714285714,0.703125,0.06122449
0.144230769,0.125,0.12,0.714285714,0.703125,0.040816327
0.144230769,0.0625,0.12,0.714285714,0.703125,0.191326531
0.096153846,0.375,0.12,0.714285714,0.868055556,0.005102041
0.096153846,0.375,0.12,0.714285714,0.703125,0.010204082
0.096153846,0.3734375,0.12,0.714285714,0.868055556,0.005229592
0.096153846,0.371875,0.12,0.714285714,0.868055556,0.005357143
0.096153846,0.3703125,0.12,0.714285714,0.868055556,0.005484694
0.096153846,0.36875,0.12,0.714285714,0.868055556,0.005612245
0.096153846,0.3671875,0.12,0.714285714,0.868055556,0.005739796
0.096153846,0.365625,0.12,0.714285714,0.868055556,0.005867347
0.096153846,0.3640625,0.12,0.714285714,0.868055556,0.005994898
0.096153846,0.3625,0.12,0.714285714,0.868055556,0.006122449
0.096153846,0.3609375,0.12,0.714285714,0.868055556,0.00625
0.096153846,0.359375,0.12,0.714285714,0.868055556,0.006377551
0.096153846,0.3578125,0.12,0.714285714,0.868055556,0.006505102
0.096153846,0.35625,0.12,0.714285714,0.868055556,0.006632653
0.096153846,0.3546875,0.12,0.714285714,0.868055556,0.006760204
0.096153846,0.353125,0.12,0.714285714,0.868055556,0.006887755
0.096153846,0.3515625,0.12,0.714285714,0.868055556,0.007015306
0.096153846,0.35,0.12,0.714285714,0.868055556,0.007142857
0.096153846,0.3484375,0.12,0.714285714,0.868055556,0.007270408
0.096153846,0.346875,0.12,0.714285714,0.868055556,0.007397959
0.096153846,0.3453125,0.12,0.714285714,0.868055556,0.00752551
0.096153846,0.34375,0.12,0.714285714,0.868055556,0.007653061
0.096153846,0.3421875,0.12,0.714285714,0.868055556,0.007780612
0.096153846,0.340625,0.12,0.714285714,0.868055556,0.007908163
0.096153846,0.3390625,0.12,0.714285714,0.868055556,0.008035714
0.096153846,0.3375,0.12,0.714285714,0.868055556,0.008163265
0.096153846,0.3359375,0.12,0.714285714,0.868055556,0.008290816
0.096153846,0.334375,0.12,0.714285714,0.868055556,0.008418367
0.096153846,0.3328125,0.12,0.714285714,0.868055556,0.008545918
0.096153846,0.33125,0.12,0.714285714,0.868055556,0.008673469
0.096153846,0.3296875,0.12,0.714285714,0.868055556,0.00880102
0.096153846,0.328125,0.12,0.714285714,0.868055556,0.008928571
0.096153846,0.3265625,0.12,0.714285714,0.868055556,0.009056122
0.096153846,0.325,0.12,0.714285714,0.868055556,0.009183673
0.096153846,0.3234375,0.12,0.714285714,0.868055556,0.009311224
0.096153846,0.321875,0.12,0.714285714,0.868055556,0.009438776
0.096153846,0.3203125,0.12,0.714285714,0.868055556,0.009566327
0.096153846,0.31875,0.12,0.714285714,0.868055556,0.009693878
0.096153846,0.3171875,0.12,0.714285714,0.868055556,0.009821429
0.096153846,0.315625,0.12,0.714285714,0.868055556,0.00994898
0.096153846,0.3140625,0.12,0.714285714,0.868055556,0.010076531
0.096153846,0.3125,0.12,0.714285714,0.868055556,0.010204082
0.096153846,0.3125,0.12,0.714285714,0.703125,0.005102041
0.096153846,0.3109375,0.12,0.714285714,0.868055556,0.010244898
0.096153846,0.309375,0.12,0.714285714,0.868055556,0.010285714
0.096153846,0.3078125,0.12,0.714285714,0.868055556,0.010326531
0.096153846,0.30625,0.12,0.714285714,0.868055556,0.010367347
0.096153846,0.3046875,0.12,0.714285714,0.868055556,0.010408163
0.096153846,0.303125,0.12,0.714285714,0.868055556,0.01044898
0.096153846,0.3015625,0.12,0.714285714,0.868055556,0.010489796
0.096153846,0.3,0.12,0.714285714,0.868055556,0.010530612
0.096153846,0.2984375,0.12,0.714285714,0.868055556,0.010571429
0.096153846,0.296875,0.12,0.714285714,0.868055556,0.010612245
0.096153846,0.2953125,0.12,0.714285714,0.868055556,0.010653061
0.096153846,0.29375,0.12,0.714285714,0.868055556,0.010693878
0.096153846,0.2921875,0.12,0.714285714,0.868055556,0.010734694
0.096153846,0.290625,0.12,0.714285714,0.868055556,0.01077551
0.096153846,0.2890625,0.12,0.714285714,0.868055556,0.010816327
0.096153846,0.2875,0.12,0.714285714,0.868055556,0.010857143
0.096153846,0.2859375,0.12,0.714285714,0.868055556,0.010897959
0.096153846,0.284375,0.12,0.714285714,0.868055556,0.010938776
0.096153846,0.2828125,0.12,0.714285714,0.868055556,0.010979592
0.096153846,0.28125,0.12,0.714285714,0.868055556,0.011020408
0.096153846,0.2796875,0.12,0.714285714,0.868055556,0.011061224
0.096153846,0.278125,0.12,0.714285714,0.868055556,0.011102041
0.096153846,0.2765625,0.12,0.714285714,0.868055556,0.011142857
0.096153846,0.275,0.12,0.714285714,0.868055556,0.011183673
0.096153846,0.2734375,0.12,0.714285714,0.868055556,0.01122449
0.096153846,0.271875,0.12,0.714285714,0.868055556,0.011265306
0.096153846,0.2703125,0.12,0.714285714,0.868055556,0.011306122
0.096153846,0.26875,0.12,0.714285714,0.868055556,0.011346939
0.096153846,0.2671875,0.12,0.714285714,0.868055556,0.011387755
0.096153846,0.265625,0.12,0.714285714,0.868055556,0.011428571
0.096153846,0.2640625,0.12,0.714285714,0.868055556,0.011469388
0.096153846,0.2625,0.12,0.714285714,0.868055556,0.011510204
0.096153846,0.2609375,0.12,0.714285714,0.868055556,0.01155102
0.096153846,0.259375,0.12,0.714285714,0.868055556,0.011591837
0.096153846,0.2578125,0.12,0.714285714,0.868055556,0.011632653
0.096153846,0.25625,0.12,0.714285714,0.868055556,0.011673469
0.096153846,0.2546875,0.12,0.714285714,0.868055556,0.011714286
0.096153846,0.253125,0.12,0.714285714,0.868055556,0.011755102
0.096153846,0.2515625,0.12,0.714285714,0.868055556,0.011795918
0.096153846,0.25,0.12,0.714285714,0.868055556,0.011836735
0.096153846,0.25,0.12,0.714285714,0.703125,0.005102041
0.096153846,0.2484375,0.12,0.714285714,0.868055556,0.011877551
0.096153846,0.246875,0.12,0.714285714,0.868055556,0.011918367
0.096153846,0.2453125,0.12,0.714285714,0.868055556,0.011959184
0.096153846,0.24375,0.12,0.714285714,0.868055556,0.012
0.096153846,0.2421875,0.12,0.714285714,0.868055556,0.012040816
0.096153846,0.240625,0.12,0.714285714,0.868055556,0.012081633
0.096153846,0.2390625,0.12,0.714285714,0.868055556,0.012122449
0.096153846,0.2375,0.12,0.714285714,0.868055556,0.012163265
0.096153846,0.2359375,0.12,0.714285714,0.868055556,0.012204082
0.096153846,0.234375,0.12,0.714285714,0.868055556,0.012244898
0.096153846,0.2328125,0.12,0.714285714,0.868055556,0.012326531
0.096153846,0.23125,0.12,0.714285714,0.868055556,0.012408163
0.096153846,0.2296875,0.12,0.714285714,0.868055556,0.012489796
0.096153846,0.228125,0.12,0.714285714,0.868055556,0.012571429
0.096153846,0.2265625,0.12,0.714285714,0.868055556,0.012653061
0.096153846,0.225,0.12,0.714285714,0.868055556,0.012734694
0.096153846,0.2234375,0.12,0.714285714,0.868055556,0.012816327
0.096153846,0.221875,0.12,0.714285714,0.868055556,0.012897959
0.096153846,0.2203125,0.12,0.714285714,0.868055556,0.012979592
0.096153846,0.21875,0.12,0.714285714,0.868055556,0.013061224
0.096153846,0.2171875,0.12,0.714285714,0.868055556,0.013142857
0.096153846,0.215625,0.12,0.714285714,0.868055556,0.01322449
0.096153846,0.2140625,0.12,0.714285714,0.868055556,0.013306122
0.096153846,0.2125,0.12,0.714285714,0.868055556,0.013387755
0.096153846,0.2109375,0.12,0.714285714,0.868055556,0.013469388
0.096153846,0.209375,0.12,0.714285714,0.868055556,0.01355102
0.096153846,0.2078125,0.12,0.714285714,0.868055556,0.013632653
0.096153846,0.20625,0.12,0.714285714,0.868055556,0.013714286
0.096153846,0.2046875,0.12,0.714285714,0.868055556,0.013795918
0.096153846,0.203125,0.12,0.714285714,0.868055556,0.013877551
0.096153846,0.2015625,0.12,0.714285714,0.868055556,0.013959184
0.096153846,0.2,0.12,0.714285714,0.868055556,0.014040816
0.096153846,0.1984375,0.12,0.714285714,0.868055556,0.014122449
0.096153846,0.196875,0.12,0.714285714,0.868055556,0.014204082
0.096153846,0.1953125,0.12,0.714285714,0.868055556,0.014285714
0.096153846,0.19375,0.12,0.714285714,0.868055556,0.014367347
0.096153846,0.1921875,0.12,0.714285714,0.868055556,0.01444898
0.096153846,0.190625,0.12,0.714285714,0.868055556,0.014530612
0.096153846,0.1890625,0.12,0.714285714,0.868055556,0.014612245
0.096153846,0.1875,0.12,0.714285714,0.868055556,0.014693878
0.096153846,0.1875,0.12,0.714285714,0.703125,0.025510204
0.096153846,0.1859375,0.12,0.714285714,0.868055556,0.01477551
0.096153846,0.184375,0.12,0.714285714,0.868055556,0.014857143
0.096153846,0.1828125,0.12,0.714285714,0.868055556,0.014938776
0.096153846,0.18125,0.12,0.714285714,0.868055556,0.015020408
0.096153846,0.1796875,0.12,0.714285714,0.868055556,0.015102041
0.096153846,0.178125,0.12,0.714285714,0.868055556,0.015183673
0.096153846,0.1765625,0.12,0.714285714,0.868055556,0.015265306
0.096153846,0.175,0.12,0.714285714,0.868055556,0.015346939
0.096153846,0.1734375,0.12,0.714285714,0.868055556,0.015428571
0.096153846,0.171875,0.12,0.714285714,0.868055556,0.015510204
0.096153846,0.1703125,0.12,0.714285714,0.868055556,0.015591837
0.096153846,0.16875,0.12,0.714285714,0.868055556,0.015673469
0.096153846,0.1671875,0.12,0.714285714,0.868055556,0.015755102
0.096153846,0.165625,0.12,0.714285714,0.868055556,0.015836735
0.096153846,0.1640625,0.12,0.714285714,0.868055556,0.015918367
0.096153846,0.1625,0.12,0.714285714,0.868055556,0.016
0.096153846,0.1609375,0.12,0.714285714,0.868055556,0.016081633
0.096153846,0.159375,0.12,0.714285714,0.868055556,0.016163265
0.096153846,0.1578125,0.12,0.714285714,0.868055556,0.016244898
0.096153846,0.15625,0.12,0.714285714,0.868055556,0.016326531
0.096153846,0.125,0.12,0.714285714,0.868055556,0.020408163
0.096153846,0.125,0.12,0.714285714,0.703125,0.025510204
0.096153846,0.0625,0.12,0.714285714,0.868055556,0.025510204
